[{
  "kode_kelas": "TKJ1",
  "nama_kelas": "10.TKJ"
},
{
  "kode_kelas": "TKJ2",
  "nama_kelas": "11.TKJ"
},
{
  "kode_kelas": "TKJ3",
  "nama_kelas": "12.TKJ"
},
{
  "kode_kelas": "RPL1",
  "nama_kelas": "10.RPL"
},
{
  "kode_kelas": "RPL2",
  "nama_kelas": "11.RPL"
},
{
  "kode_kelas": "RPL3",
  "nama_kelas": "12.RPL"
},
{
  "kode_kelas": "MM1",
  "nama_kelas": "10.MM"
},
{
  "kode_kelas": "MM2",
  "nama_kelas": "11.MM"
},
{
  "kode_kelas": "MM3",
  "nama_kelas": "12.MM"
},
{
  "kode_kelas": "DKV1",
  "nama_kelas": "10.DKV"
},
{
  "kode_kelas": "DKV2",
  "nama_kelas": "11.DKV"
},
{
  "kode_kelas": "DKV3",
  "nama_kelas": "12.DKV"
}]